{
	"sprite": {
		"texture": "mainplayer.png",
		"framewidth": 16,
		"frameheight": 16
	},
	"velocity": {
		"xmax": 100,
		"ymax": 100
	},
	"collision": {
		"x": 0,
		"y": 0,
		"width": 16,
		"height": 16
	},
	"dialog": {
		"test of the dialog system": "",
		"test no 2": ""
	},
	"animation": {
		"framerate" : {
			"def": 0,
			"idle": 2,
			"walking": 8,
			"rolling": 5
		},
		"frames" : {
			"up": {
				"def":[4],
				"idle":[4,5],
				"walking":[4,5,6,7],
				"rolling":[17]
			},
			"left": {
				"def": [12],
				"idle": [12],
				"walking":[12,13,14,15],
				"rolling":[19]
			},
			"right": {
				"def": [8],
				"idle": [8],
				"walking":[8,9,10,11],
				"rolling":[18]
			},
			"down": {
				"def": [0],
				"idle": [0],
				"walking":[0,1,2,3],
				"rolling":[16]
			}
		}
	}
}